Metric,Value
MAE,10.034490546070321
RMSE,27.692860299731436
R²,0.9432402457660961
